<?xml version="1.0" encoding="UTF-8"?>
<!DOCTYPE suite SYSTEM "http://testng.org/testng-1.0.dtd">
<suite name="Googlesuite">
  <test verbose="2" name="GoogleNewsTest">
    <classes>
      <class name="com.opit.testng.GoogleNews"/>
    </classes>
  </test> <!-- Default test -->
  <test verbose="2" name="GoogleMailTest">
    <classes>
      <class name="com.opit.testng.GmailTest"/>
    </classes>
  </test>
  <test verbose="2" name="GoogleUserRegistrationTest">
    <classes>
      <class name="com.opit.testng.ParameterizedTestNg"/>
    </classes>
  </test>
  <test verbose="2" name="f">
    <classes>
      <class name="com.opit.GmailPhotoTest"/>
    </classes>
  </test>
  <test verbose="2" name="parameterTest">
    <classes>
      <class name="com.opit.testng.parameterizedTest1"/>
    </classes>
  </test>
</suite> <!-- Default suite -->